{
    "precision": 0.6299858786489803,
    "recall": 0.6149732620320856,
    "f1": 0.5589805803709547,
    "accuracy": 0.6149732620320856
}